month,opening,interest,principal,payment,closing,cfads,dscr,cashAfterDebt
1,21,0.2275,0.3358774137690661,0.5633774137690661,20.664122586230935,0.7858375000000001,1.3948686631624931,0.22246008623093394
2,20.664122586230935,0.2238613280175018,0.33951608575156433,0.5633774137690661,20.32460650047937,0.7858375000000001,1.3948686631624931,0.22246008623093394
3,20.32460650047937,0.2201832370885265,0.34319417668053964,0.5633774137690661,19.98141232379883,0.7858375000000001,1.3948686631624931,0.22246008623093394
4,19.98141232379883,0.2164653001744873,0.34691211359457885,0.5633774137690661,19.634500210204248,0.7858375000000001,1.3948686631624931,0.22246008623093394
5,19.634500210204248,0.21270708561054602,0.3506703281585201,0.5633774137690661,19.283829882045726,0.7858375000000001,1.3948686631624931,0.22246008623093394
6,19.283829882045726,0.20890815705549537,0.35446925671357077,0.5633774137690661,18.929360625332155,0.7858375000000001,1.3948686631624931,0.22246008623093394
7,18.929360625332155,0.20506807344109834,0.3583093403279678,0.5633774137690661,18.571051285004188,0.7858375000000001,1.3948686631624931,0.22246008623093394
8,18.571051285004188,0.2011863889208787,0.36219102484818744,0.5633774137690661,18.208860260156,0.7858375000000001,1.3948686631624931,0.22246008623093394
9,18.208860260156,0.19726265281835667,0.3661147609507095,0.5633774137690661,17.842745499205293,0.7858375000000001,1.3948686631624931,0.22246008623093394
10,17.842745499205293,0.19329640957472402,0.3700810041943421,0.5633774137690661,17.47266449501095,0.7858375000000001,1.3948686631624931,0.22246008623093394
11,17.47266449501095,0.18928719869595195,0.3740902150731142,0.5633774137690661,17.098574279937836,0.7858375000000001,1.3948686631624931,0.22246008623093394
12,17.098574279937836,0.18523455469932656,0.37814285906973955,0.5633774137690661,16.720431420868096,0.7858375000000001,1.3948686631624931,0.22246008623093394
13,16.720431420868096,0.18113800705940436,0.3822394067096618,0.5633774137690661,16.338192014158434,0.7858375000000001,1.3948686631624931,0.22246008623093394
14,16.338192014158434,0.17699708015338303,0.38638033361568314,0.5633774137690661,15.95181168054275,0.7858375000000001,1.3948686631624931,0.22246008623093394
15,15.95181168054275,0.1728112932058798,0.39056612056318635,0.5633774137690661,15.561245559979564,0.7858375000000001,1.3948686631624931,0.22246008623093394
16,15.561245559979564,0.16858016023311195,0.3947972535359542,0.5633774137690661,15.16644830644361,0.7858375000000001,1.3948686631624931,0.22246008623093394
17,15.16644830644361,0.16430318998647245,0.3990742237825937,0.5633774137690661,14.767374082661018,0.7858375000000001,1.3948686631624931,0.22246008623093394
18,14.767374082661018,0.15997988589549436,0.40339752787357175,0.5633774137690661,14.363976554787445,0.7858375000000001,1.3948686631624931,0.22246008623093394
19,14.363976554787445,0.1556097460101973,0.40776766775886886,0.5633774137690661,13.956208887028577,0.7858375000000001,1.3948686631624931,0.22246008623093394
20,13.956208887028577,0.15119226294280957,0.41218515082625656,0.5633774137690661,13.54402373620232,0.7858375000000001,1.3948686631624931,0.22246008623093394
21,13.54402373620232,0.14672692380885846,0.4166504899602077,0.5633774137690661,13.127373246242112,0.7858375000000001,1.3948686631624931,0.22246008623093394
22,13.127373246242112,0.14221321016762287,0.42116420360144324,0.5633774137690661,12.706209042640669,0.7858375000000001,1.3948686631624931,0.22246008623093394
23,12.706209042640669,0.1376505979619406,0.42572681580712557,0.5633774137690661,12.280482226833543,0.7858375000000001,1.3948686631624931,0.22246008623093394
24,12.280482226833543,0.13303855745736337,0.43033885631170277,0.5633774137690661,11.85014337052184,0.7858375000000001,1.3948686631624931,0.22246008623093394
25,11.85014337052184,0.12837655318065325,0.4350008605884129,0.5633774137690661,11.415142509933426,0.7858375000000001,1.3948686631624931,0.22246008623093394
26,11.415142509933426,0.12366404385761212,0.43971336991145404,0.5633774137690661,10.975429140021973,0.7858375000000001,1.3948686631624931,0.22246008623093394
27,10.975429140021973,0.11890048235023802,0.4444769314188281,0.5633774137690661,10.530952208603145,0.7858375000000001,1.3948686631624931,0.22246008623093394
28,10.530952208603145,0.11408531559320072,0.4492920981758654,0.5633774137690661,10.08166011042728,0.7858375000000001,1.3948686631624931,0.22246008623093394
29,10.08166011042728,0.10921798452962884,0.4541594292394373,0.5633774137690661,9.627500681187842,0.7858375000000001,1.3948686631624931,0.22246008623093394
30,9.627500681187842,0.10429792404620163,0.4590794897228645,0.5633774137690661,9.168421191464978,0.7858375000000001,1.3948686631624931,0.22246008623093394
31,9.168421191464978,0.09932456290753726,0.46405285086152886,0.5633774137690661,8.704368340603448,0.7858375000000001,1.3948686631624931,0.22246008623093394
32,8.704368340603448,0.09429732368987069,0.46908009007919543,0.5633774137690661,8.235288250524253,0.7858375000000001,1.3948686631624931,0.22246008623093394
33,8.235288250524253,0.08921562271401273,0.4741617910550534,0.5633774137690661,7.7611264594691995,0.7858375000000001,1.3948686631624931,0.22246008623093394
34,7.7611264594691995,0.08407886997758299,0.4792985437914832,0.5633774137690661,7.281827915677717,0.7858375000000001,1.3948686631624931,0.22246008623093394
35,7.281827915677717,0.0788864690865086,0.48449094468255754,0.5633774137690661,6.797336970995159,0.7858375000000001,1.3948686631624931,0.22246008623093394
36,6.797336970995159,0.07363781718578088,0.48973959658328525,0.5633774137690661,6.307597374411874,0.7858375000000001,1.3948686631624931,0.22246008623093394
37,6.307597374411874,0.06833230488946197,0.4950451088796042,0.5633774137690661,5.81255226553227,0.7858375000000001,1.3948686631624931,0.22246008623093394
38,5.81255226553227,0.06296931620993293,0.5004080975591332,0.5633774137690661,5.312144167973137,0.7858375000000001,1.3948686631624931,0.22246008623093394
39,5.312144167973137,0.05754822848637565,0.5058291852826905,0.5633774137690661,4.806314982690446,0.7858375000000001,1.3948686631624931,0.22246008623093394
40,4.806314982690446,0.052068412312479835,0.5113090014565863,0.5633774137690661,4.295005981233859,0.7858375000000001,1.3948686631624931,0.22246008623093394
41,4.295005981233859,0.04652923146336681,0.5168481823056993,0.5633774137690661,3.77815779892816,0.7858375000000001,1.3948686631624931,0.22246008623093394
42,3.77815779892816,0.04093004282172173,0.5224473709473444,0.5633774137690661,3.2557104279808153,0.7858375000000001,1.3948686631624931,0.22246008623093394
43,3.2557104279808153,0.0352701963031255,0.5281072174659407,0.5633774137690661,2.7276032105148746,0.7858375000000001,1.3948686631624931,0.22246008623093394
44,2.7276032105148746,0.02954903478057781,0.5338283789884883,0.5633774137690661,2.1937748315263863,0.7858375000000001,1.3948686631624931,0.22246008623093394
45,2.1937748315263863,0.023765894008202518,0.5396115197608636,0.5633774137690661,1.6541633117655228,0.7858375000000001,1.3948686631624931,0.22246008623093394
46,1.6541633117655228,0.017920102544126498,0.5454573112249397,0.5633774137690661,1.108706000540583,0.7858375000000001,1.3948686631624931,0.22246008623093394
47,1.108706000540583,0.012010981672522984,0.5513664320965431,0.5633774137690661,0.55733956844404,0.7858375000000001,1.3948686631624931,0.22246008623093394
48,0.55733956844404,0.006037845324810433,0.55733956844404,0.5633774137688504,0,0.7858375000000001,1.3948686631624931,0.22246008623093394
