metric,requested_base,requested_downside,requested_severe,resized_base,resized_downside,resized_severe
revenue,1.734375,1.42796875,1.040625,1.734375,1.42796875,1.040625
ebitda,1.033125,0.76034375,0.47687499999999994,1.033125,0.76034375,0.47687499999999994
cfads,0.7858375000000001,0.573068125,0.35196249999999996,0.7858375000000001,0.573068125,0.35196249999999996
debtService,0.5633774137690661,0.5951458969006267,0.6168749917714091,0.4292399343002409,0.45344449287666794,0.46999999373059737
dscr,1.3948686631624931,0.9629035972261554,0.5705572517850166,1.8307651204007722,1.263810971359329,0.7488563929678345
firstYearDscr,1.3948686631624934,0.7629570018567805,0.28940223283707806,1.8307651204007724,1.0013810649370243,0.37984043059866507
wcShock,0,1.42796875,2.08125,0,1.42796875,2.08125
reserve,1.6901322413071984,1.78543769070188,1.8506249753142274,1.2877198029007226,1.3603334786300039,1.409999981191792
liquidityHeadroom,4.809867758692802,3.2865935592981206,2.5681250246857728,5.212280197099277,3.7116977713699963,3.0087500188082084
ltv,0.7,0.7,0.7,0.5333333333333333,0.5333333333333333,0.5333333333333333
lgd,0.29285714285714287,0.42142857142857143,0.55,0.07187500000000002,0.24062499999999998,0.40937500000000004
expectedLoss,0.1845,0.6195,1.7325000000000002,0.03450000000000001,0.2695,0.9825
